{"cameraMode":{"drawMode":0,"name":"Shaded","section":"Shading Mode"},"sceneLighting":false,"audioPlay":false,"sceneViewState":{"showFog":true,"showMaterialUpdate":false,"showSkybox":false,"showFlares":true,"showImageEffects":true,"showParticleSystems":true},"in2DMode":false,"pivot":{"x":-11.982269287109375,"y":-19.970388412475587,"z":-0.14295107126235963},"rotation":{"x":-0.3326670527458191,"y":0.6347817778587341,"z":-0.3500862717628479,"w":-0.6031938195228577},"size":15.481927871704102,"orthographic":false}