{"cameraMode":{"drawMode":0,"name":"Shaded","section":"Shading Mode"},"sceneLighting":false,"audioPlay":false,"sceneViewState":{"showFog":true,"showMaterialUpdate":false,"showSkybox":true,"showFlares":true,"showImageEffects":true,"showParticleSystems":true},"in2DMode":false,"pivot":{"x":-81.81266021728516,"y":-57.172054290771487,"z":32.63457489013672},"rotation":{"x":0.062187422066926959,"y":-0.9311258792877197,"z":0.18972092866897584,"w":0.3052581548690796},"size":81.64877319335938,"orthographic":false}