{"cameraMode":{"drawMode":0,"name":"Shaded","section":"Shading Mode"},"sceneLighting":false,"audioPlay":false,"sceneViewState":{"showFog":true,"showMaterialUpdate":false,"showSkybox":false,"showFlares":true,"showImageEffects":true,"showParticleSystems":true},"in2DMode":false,"pivot":{"x":-15.365219116210938,"y":-13.615260124206543,"z":4.270044326782227},"rotation":{"x":-0.2890114486217499,"y":0.5810994505882263,"z":-0.23175889253616334,"w":-0.7246376276016235},"size":15.481927871704102,"orthographic":false}