{"cameraMode":{"drawMode":0,"name":"Shaded","section":"Shading Mode"},"sceneLighting":false,"audioPlay":false,"sceneViewState":{"showFog":true,"showMaterialUpdate":false,"showSkybox":false,"showFlares":true,"showImageEffects":true,"showParticleSystems":true},"in2DMode":false,"pivot":{"x":3.0000665187835695,"y":0.7118112444877625,"z":0.06626688688993454},"rotation":{"x":0.07647562772035599,"y":-0.7118597030639648,"z":0.6937297582626343,"w":0.07847564667463303},"size":1.0672589540481568,"orthographic":true}