{"cameraMode":{"drawMode":0,"name":"Shaded","section":"Shading Mode"},"sceneLighting":false,"audioPlay":false,"sceneViewState":{"showFog":true,"showMaterialUpdate":false,"showSkybox":false,"showFlares":true,"showImageEffects":true,"showParticleSystems":true},"in2DMode":false,"pivot":{"x":3.934427261352539,"y":0.8002609610557556,"z":-0.39159882068634035},"rotation":{"x":0.21692100167274476,"y":-0.05414823070168495,"z":0.01204734668135643,"w":0.9746185541152954},"size":1.0672589540481568,"orthographic":false}