{"cameraMode":{"drawMode":0,"name":"Shaded","section":"Shading Mode"},"sceneLighting":false,"audioPlay":false,"sceneViewState":{"showFog":true,"showMaterialUpdate":false,"showSkybox":false,"showFlares":true,"showImageEffects":true,"showParticleSystems":true},"in2DMode":false,"pivot":{"x":4.1945271492004398,"y":0.7118113040924072,"z":0.46720418334007265},"rotation":{"x":0.53492271900177,"y":-0.37718629837036135,"z":0.28876617550849917,"w":0.6987156271934509},"size":1.3427704572677613,"orthographic":true}